{"cameraMode":{"drawMode":0,"name":"Shaded","section":"Shading Mode"},"sceneLighting":false,"audioPlay":false,"sceneViewState":{"showFog":true,"showMaterialUpdate":false,"showSkybox":false,"showFlares":true,"showImageEffects":true,"showParticleSystems":true,"showVisualEffectGraphs":true,"m_FxEnabled":true},"in2DMode":false,"pivot":{"x":0.7912416458129883,"y":0.6738051176071167,"z":-0.39135122299194338},"rotation":{"x":0.12956780195236207,"y":0.09207633137702942,"z":-0.012084671296179295,"w":0.9872135519981384},"size":3.1667377948760988,"orthographic":false}