{"cameraMode":{"drawMode":0,"name":"Shaded","section":"Shading Mode"},"sceneLighting":false,"audioPlay":false,"sceneViewState":{"showFog":true,"showMaterialUpdate":false,"showSkybox":false,"showFlares":true,"showImageEffects":true,"showParticleSystems":true,"showVisualEffectGraphs":true,"m_FxEnabled":true},"in2DMode":false,"pivot":{"x":99.80276489257813,"y":999.5186157226563,"z":99.50888061523438},"rotation":{"x":0.12415513396263123,"y":0.019347786903381349,"z":-0.002421300858259201,"w":0.9920722246170044},"size":1.6622443199157715,"orthographic":false}