{"cameraMode":{"drawMode":0,"name":"Shaded","section":"Shading Mode"},"sceneLighting":false,"audioPlay":false,"sceneViewState":{"showFog":true,"showMaterialUpdate":false,"showSkybox":false,"showFlares":true,"showImageEffects":true,"showParticleSystems":true,"showVisualEffectGraphs":true,"m_FxEnabled":true},"in2DMode":false,"pivot":{"x":102.11243438720703,"y":1000.2401733398438,"z":100.71598815917969},"rotation":{"x":0.1315583735704422,"y":0.029734522104263307,"z":-0.003948216792196035,"w":0.9908576011657715},"size":4.552696704864502,"orthographic":false}