{"cameraMode":{"drawMode":0,"name":"Shaded","section":"Shading Mode"},"sceneLighting":true,"audioPlay":false,"sceneViewState":{"showFog":true,"showMaterialUpdate":false,"showSkybox":true,"showFlares":true,"showImageEffects":true,"showParticleSystems":true,"showVisualEffectGraphs":true,"m_FxEnabled":true},"in2DMode":false,"pivot":{"x":9.226487159729004,"y":8.080120086669922,"z":3.346071243286133},"rotation":{"x":0.15460695326328278,"y":0.09763789176940918,"z":-0.015356489457190037,"w":0.9830197095870972},"size":30.938922882080079,"orthographic":false}