{"cameraMode":{"drawMode":0,"name":"Shaded","section":"Shading Mode"},"sceneLighting":false,"audioPlay":false,"sceneViewState":{"showFog":true,"showMaterialUpdate":false,"showSkybox":false,"showFlares":true,"showImageEffects":true,"showParticleSystems":true,"showVisualEffectGraphs":true,"m_FxEnabled":true},"in2DMode":false,"pivot":{"x":0.8565342426300049,"y":0.3304572105407715,"z":-2.534949779510498},"rotation":{"x":0.42599669098854067,"y":0.37202271819114687,"z":-0.19795550405979157,"w":0.8005889654159546},"size":1.7862303256988526,"orthographic":false}