{"cameraMode":{"drawMode":0,"name":"Shaded","section":"Shading Mode"},"sceneLighting":false,"audioPlay":false,"sceneViewState":{"showFog":true,"showMaterialUpdate":false,"showSkybox":false,"showFlares":true,"showImageEffects":true,"showParticleSystems":true,"showVisualEffectGraphs":true,"m_FxEnabled":true},"in2DMode":false,"pivot":{"x":100.52472686767578,"y":1000.053955078125,"z":99.97943878173828},"rotation":{"x":0.25318092107772829,"y":0.31763625144958498,"z":-0.08842170238494873,"w":0.9095004796981812},"size":0.20184367895126344,"orthographic":false}