{"cameraMode":{"drawMode":0,"name":"Shaded","section":"Shading Mode"},"sceneLighting":false,"audioPlay":false,"sceneViewState":{"showFog":true,"showMaterialUpdate":false,"showSkybox":false,"showFlares":true,"showImageEffects":true,"showParticleSystems":true,"showVisualEffectGraphs":true,"m_FxEnabled":true},"in2DMode":false,"pivot":{"x":0.7166262865066528,"y":-0.2661672830581665,"z":-3.765794515609741},"rotation":{"x":-0.12102416157722473,"y":0.11174307763576508,"z":-0.013670199550688267,"w":-0.9862701296806336},"size":0.6495612859725952,"orthographic":false}