{"cameraMode":{"drawMode":0,"name":"Shaded","section":"Shading Mode"},"sceneLighting":false,"audioPlay":false,"sceneViewState":{"showFog":true,"showMaterialUpdate":false,"showSkybox":false,"showFlares":true,"showImageEffects":true,"showParticleSystems":true,"showVisualEffectGraphs":true,"m_FxEnabled":true},"in2DMode":false,"pivot":{"x":0.6411024928092957,"y":-0.5455673336982727,"z":-1.0647752285003663},"rotation":{"x":0.018545014783740045,"y":0.9728345274925232,"z":-0.2149948626756668,"w":0.08398215472698212},"size":2.8720359802246095,"orthographic":false}